,SEASON,TEAM_ID,TEAM_ABBR,IsHomeTeam,WINS,WINS_HOME,GAMES,PTS,PTS_opp,d_PTS_per_GAME,WIN_PCT_TOTAL,WIN_PCT_HOME_GMS,WIN_PCT_AWAY_GMS
0,2003,1610612737,ATL,41,28,18,82,7611,7992,-4.646341463414634,0.34146341463414637,0.43902439024390244,0.24390243902439024
1,2003,1610612738,BOS,41,36,19,82,7811,7930,-1.451219512195122,0.43902439024390244,0.4634146341463415,0.4146341463414634
2,2003,1610612739,CLE,41,35,23,82,7619,7834,-2.6219512195121952,0.4268292682926829,0.5609756097560976,0.2926829268292683
3,2003,1610612740,NOP,41,41,25,82,7529,7537,-0.0975609756097561,0.5,0.6097560975609756,0.3902439024390244
4,2003,1610612741,CHI,41,23,14,82,7355,7876,-6.353658536585366,0.2804878048780488,0.34146341463414637,0.21951219512195122
5,2003,1610612742,DAL,41,52,36,82,8626,8262,4.439024390243903,0.6341463414634146,0.8780487804878049,0.3902439024390244
6,2003,1610612743,DEN,41,43,29,82,7972,7884,1.0731707317073171,0.524390243902439,0.7073170731707317,0.34146341463414637
7,2003,1610612744,GSW,41,37,27,82,7649,7709,-0.7317073170731707,0.45121951219512196,0.6585365853658537,0.24390243902439024
8,2003,1610612745,HOU,41,45,27,82,7362,7220,1.7317073170731707,0.5487804878048781,0.6585365853658537,0.43902439024390244
9,2003,1610612746,LAC,41,28,18,82,7771,8147,-4.585365853658536,0.34146341463414637,0.43902439024390244,0.24390243902439024
10,2003,1610612747,LAL,41,56,34,82,8052,7732,3.902439024390244,0.6829268292682927,0.8292682926829268,0.5365853658536586
11,2003,1610612748,MIA,41,42,29,82,7402,7359,0.524390243902439,0.5121951219512195,0.7073170731707317,0.3170731707317073
12,2003,1610612749,MIL,41,41,27,82,8039,7952,1.0609756097560976,0.5,0.6585365853658537,0.34146341463414637
13,2003,1610612750,MIN,41,58,31,82,7753,7303,5.487804878048781,0.7073170731707317,0.7560975609756098,0.6585365853658537
14,2003,1610612751,BKN,41,47,28,82,7401,7196,2.5,0.573170731707317,0.6829268292682927,0.4634146341463415
15,2003,1610612752,NYK,41,39,23,82,7542,7663,-1.475609756097561,0.47560975609756095,0.5609756097560976,0.3902439024390244
16,2003,1610612753,ORL,41,21,11,82,7711,8287,-7.024390243902439,0.25609756097560976,0.2682926829268293,0.24390243902439024
17,2003,1610612754,IND,41,61,34,82,7493,7021,5.7560975609756095,0.7439024390243902,0.8292682926829268,0.6585365853658537
18,2003,1610612755,PHI,41,33,21,82,7215,7419,-2.4878048780487805,0.4024390243902439,0.5121951219512195,0.2926829268292683
19,2003,1610612756,PHX,41,29,18,82,7723,8030,-3.7439024390243905,0.35365853658536583,0.43902439024390244,0.2682926829268293
20,2003,1610612757,POR,41,41,25,82,7440,7544,-1.2682926829268293,0.5,0.6097560975609756,0.3902439024390244
21,2003,1610612758,SAC,41,55,34,82,8433,8022,5.012195121951219,0.6707317073170732,0.8292682926829268,0.5121951219512195
22,2003,1610612759,SAS,41,57,33,82,7501,6909,7.219512195121951,0.6951219512195121,0.8048780487804879,0.5853658536585366
23,2003,1610612760,OKC,41,37,21,82,7964,8016,-0.6341463414634146,0.45121951219512196,0.5121951219512195,0.3902439024390244
24,2003,1610612761,TOR,41,33,18,82,7006,7253,-3.0121951219512195,0.4024390243902439,0.43902439024390244,0.36585365853658536
25,2003,1610612762,UTA,41,42,28,82,7271,7371,-1.2195121951219512,0.5121951219512195,0.6829268292682927,0.34146341463414637
26,2003,1610612763,MEM,41,50,31,82,7930,7730,2.4390243902439024,0.6097560975609756,0.7560975609756098,0.4634146341463415
27,2003,1610612764,WAS,41,25,17,82,7528,7990,-5.634146341463414,0.3048780487804878,0.4146341463414634,0.1951219512195122
28,2003,1610612765,DET,41,54,31,82,7388,6909,5.841463414634147,0.6585365853658537,0.7560975609756098,0.5609756097560976
29,2004,1610612737,ATL,41,13,9,82,7605,8401,-9.707317073170731,0.15853658536585366,0.21951219512195122,0.0975609756097561
30,2004,1610612738,BOS,41,45,27,82,8304,8233,0.8658536585365854,0.5487804878048781,0.6585365853658537,0.43902439024390244
31,2004,1610612739,CLE,41,42,29,82,7914,7849,0.7926829268292683,0.5121951219512195,0.7073170731707317,0.3170731707317073
32,2004,1610612740,NOP,41,18,11,82,7252,7832,-7.073170731707317,0.21951219512195122,0.2682926829268293,0.17073170731707318
33,2004,1610612741,CHI,41,47,27,82,7745,7658,1.0609756097560976,0.573170731707317,0.6585365853658537,0.4878048780487805
34,2004,1610612742,DAL,41,58,29,82,8405,7934,5.7439024390243905,0.7073170731707317,0.7073170731707317,0.7073170731707317
35,2004,1610612743,DEN,41,49,31,82,8161,7995,2.024390243902439,0.5975609756097561,0.7560975609756098,0.43902439024390244
36,2004,1610612744,GSW,41,34,20,82,8094,8271,-2.158536585365854,0.4146341463414634,0.4878048780487805,0.34146341463414637
37,2004,1610612745,HOU,41,51,26,82,7796,7465,4.036585365853658,0.6219512195121951,0.6341463414634146,0.6097560975609756
38,2004,1610612746,LAC,41,37,27,82,7849,7912,-0.7682926829268293,0.45121951219512196,0.6585365853658537,0.24390243902439024
39,2004,1610612747,LAL,41,34,22,82,8095,8338,-2.9634146341463414,0.4146341463414634,0.5365853658536586,0.2926829268292683
40,2004,1610612748,MIA,41,59,35,82,8327,7792,6.524390243902439,0.7195121951219512,0.8536585365853658,0.5853658536585366
41,2004,1610612749,MIL,41,30,23,82,7973,8218,-2.9878048780487805,0.36585365853658536,0.5609756097560976,0.17073170731707318
42,2004,1610612750,MIN,41,44,24,82,7934,7815,1.451219512195122,0.5365853658536586,0.5853658536585366,0.4878048780487805
43,2004,1610612751,BKN,41,42,24,82,7496,7619,-1.5,0.5121951219512195,0.5853658536585366,0.43902439024390244
44,2004,1610612752,NYK,41,33,22,82,7977,8177,-2.4390243902439024,0.4024390243902439,0.5365853658536586,0.2682926829268293
45,2004,1610612753,ORL,41,36,24,82,8160,8344,-2.2439024390243905,0.43902439024390244,0.5853658536585366,0.2926829268292683
46,2004,1610612754,IND,41,44,25,82,7626,7564,0.7560975609756098,0.5365853658536586,0.6097560975609756,0.4634146341463415
47,2004,1610612755,PHI,41,43,25,82,8128,8189,-0.7439024390243902,0.524390243902439,0.6097560975609756,0.43902439024390244
48,2004,1610612756,PHX,41,62,31,82,9054,8470,7.121951219512195,0.7560975609756098,0.7560975609756098,0.7560975609756098
49,2004,1610612757,POR,41,27,18,82,7621,7949,-4.0,0.32926829268292684,0.43902439024390244,0.21951219512195122
50,2004,1610612758,SAC,41,50,30,82,8505,8328,2.158536585365854,0.6097560975609756,0.7317073170731707,0.4878048780487805
51,2004,1610612759,SAS,41,59,38,82,7888,7248,7.804878048780488,0.7195121951219512,0.926829268292683,0.5121951219512195
52,2004,1610612760,OKC,41,52,26,82,8113,7925,2.292682926829268,0.6341463414634146,0.6341463414634146,0.6341463414634146
53,2004,1610612761,TOR,41,33,22,82,8178,8311,-1.6219512195121952,0.4024390243902439,0.5365853658536586,0.2682926829268293
54,2004,1610612762,UTA,41,26,18,82,7625,7975,-4.2682926829268295,0.3170731707317073,0.43902439024390244,0.1951219512195122
55,2004,1610612763,MEM,41,45,26,82,7661,7473,2.292682926829268,0.5487804878048781,0.6341463414634146,0.4634146341463415
56,2004,1610612764,WAS,41,45,29,82,8241,8268,-0.32926829268292684,0.5487804878048781,0.7073170731707317,0.3902439024390244
57,2004,1610612765,DET,41,54,32,82,7653,7336,3.8658536585365852,0.6585365853658537,0.7804878048780488,0.5365853658536586
58,2004,1610612766,CHA,41,18,14,82,7729,8220,-5.987804878048781,0.21951219512195122,0.34146341463414637,0.0975609756097561
59,2005,1610612737,ATL,41,26,18,82,7972,8362,-4.7560975609756095,0.3170731707317073,0.43902439024390244,0.1951219512195122
60,2005,1610612738,BOS,41,33,21,82,8033,8159,-1.5365853658536586,0.4024390243902439,0.5121951219512195,0.2926829268292683
61,2005,1610612739,CLE,41,50,31,82,8002,7819,2.231707317073171,0.6097560975609756,0.7560975609756098,0.4634146341463415
62,2005,1610612740,NOP,41,38,24,82,7611,7842,-2.817073170731707,0.4634146341463415,0.5853658536585366,0.34146341463414637
63,2005,1610612741,CHI,41,41,21,82,8020,7968,0.6341463414634146,0.5,0.5121951219512195,0.4878048780487805
64,2005,1610612742,DAL,41,60,34,82,8130,7632,6.073170731707317,0.7317073170731707,0.8292682926829268,0.6341463414634146
65,2005,1610612743,DEN,41,44,26,82,8227,8208,0.23170731707317074,0.5365853658536586,0.6341463414634146,0.43902439024390244
66,2005,1610612744,GSW,41,34,21,82,8076,8187,-1.353658536585366,0.4146341463414634,0.5121951219512195,0.3170731707317073
67,2005,1610612745,HOU,41,34,15,82,7387,7517,-1.5853658536585367,0.4146341463414634,0.36585365853658536,0.4634146341463415
68,2005,1610612746,LAC,41,47,27,82,7970,7841,1.5731707317073171,0.573170731707317,0.6585365853658537,0.4878048780487805
69,2005,1610612747,LAL,41,45,27,82,8154,7949,2.5,0.5487804878048781,0.6585365853658537,0.43902439024390244
70,2005,1610612748,MIA,41,52,31,82,8191,7874,3.8658536585365852,0.6341463414634146,0.7560975609756098,0.5121951219512195
71,2005,1610612749,MIL,41,40,25,82,8020,8105,-1.0365853658536586,0.4878048780487805,0.6097560975609756,0.36585365853658536
72,2005,1610612750,MIN,41,33,24,82,7522,7676,-1.8780487804878048,0.4024390243902439,0.5853658536585366,0.21951219512195122
73,2005,1610612751,BKN,41,49,29,82,7691,7579,1.3658536585365855,0.5975609756097561,0.7073170731707317,0.4878048780487805
74,2005,1610612752,NYK,41,23,15,82,7842,8367,-6.402439024390244,0.2804878048780488,0.36585365853658536,0.1951219512195122
75,2005,1610612753,ORL,41,36,26,82,7784,7872,-1.0731707317073171,0.43902439024390244,0.6341463414634146,0.24390243902439024
76,2005,1610612754,IND,41,41,27,82,7699,7544,1.8902439024390243,0.5,0.6585365853658537,0.34146341463414637
77,2005,1610612755,PHI,41,38,23,82,8147,8307,-1.951219512195122,0.4634146341463415,0.5609756097560976,0.36585365853658536
78,2005,1610612756,PHX,41,54,31,82,8886,8431,5.548780487804878,0.6585365853658537,0.7560975609756098,0.5609756097560976
79,2005,1610612757,POR,41,21,15,82,7285,8060,-9.451219512195122,0.25609756097560976,0.36585365853658536,0.14634146341463414
80,2005,1610612758,SAC,41,44,27,82,8106,7980,1.5365853658536586,0.5365853658536586,0.6585365853658537,0.4146341463414634
81,2005,1610612759,SAS,41,63,34,82,7837,7278,6.817073170731708,0.7682926829268293,0.8292682926829268,0.7073170731707317
82,2005,1610612760,OKC,41,35,22,82,8411,8659,-3.024390243902439,0.4268292682926829,0.5365853658536586,0.3170731707317073
83,2005,1610612761,TOR,41,27,15,82,8287,8532,-2.9878048780487805,0.32926829268292684,0.36585365853658536,0.2926829268292683
84,2005,1610612762,UTA,41,41,22,82,7573,7789,-2.6341463414634148,0.5,0.5365853658536586,0.4634146341463415
85,2005,1610612763,MEM,41,49,30,82,7558,7255,3.6951219512195124,0.5975609756097561,0.7317073170731707,0.4634146341463415
86,2005,1610612764,WAS,41,42,27,82,8336,8184,1.853658536585366,0.5121951219512195,0.6585365853658537,0.36585365853658536
87,2005,1610612765,DET,41,64,37,82,7941,7394,6.670731707317073,0.7804878048780488,0.9024390243902439,0.6585365853658537
88,2005,1610612766,CHA,41,26,17,82,7943,8271,-4.0,0.3170731707317073,0.4146341463414634,0.21951219512195122
89,2006,1610612737,ATL,41,30,18,82,7680,8070,-4.7560975609756095,0.36585365853658536,0.43902439024390244,0.2926829268292683
90,2006,1610612738,BOS,41,24,12,82,7857,8137,-3.4146341463414633,0.2926829268292683,0.2926829268292683,0.2926829268292683
91,2006,1610612739,CLE,41,50,30,82,7934,7620,3.8292682926829267,0.6097560975609756,0.7317073170731707,0.4878048780487805
92,2006,1610612740,NOP,41,39,24,82,7833,7962,-1.5731707317073171,0.47560975609756095,0.5853658536585366,0.36585365853658536
93,2006,1610612741,CHI,41,49,31,82,8100,7689,5.012195121951219,0.5975609756097561,0.7560975609756098,0.43902439024390244
94,2006,1610612742,DAL,41,67,36,82,8201,7609,7.219512195121951,0.8170731707317073,0.8780487804878049,0.7560975609756098
95,2006,1610612743,DEN,41,45,23,82,8639,8506,1.6219512195121952,0.5487804878048781,0.5609756097560976,0.5365853658536586
96,2006,1610612744,GSW,41,42,30,82,8737,8765,-0.34146341463414637,0.5121951219512195,0.7317073170731707,0.2926829268292683
97,2006,1610612745,HOU,41,52,28,82,7953,7555,4.853658536585366,0.6341463414634146,0.6829268292682927,0.5853658536585366
98,2006,1610612746,LAC,41,40,25,82,7843,7881,-0.4634146341463415,0.4878048780487805,0.6097560975609756,0.36585365853658536
99,2006,1610612747,LAL,41,42,25,82,8474,8480,-0.07317073170731707,0.5121951219512195,0.6097560975609756,0.4146341463414634
100,2006,1610612748,MIA,41,44,27,82,7759,7834,-0.9146341463414634,0.5365853658536586,0.6585365853658537,0.4146341463414634
101,2006,1610612749,MIL,41,28,18,82,8172,8531,-4.378048780487805,0.34146341463414637,0.43902439024390244,0.24390243902439024
102,2006,1610612750,MIN,41,32,20,82,7877,8178,-3.6707317073170733,0.3902439024390244,0.4878048780487805,0.2926829268292683
103,2006,1610612751,BKN,41,41,24,82,8001,8064,-0.7682926829268293,0.5,0.5853658536585366,0.4146341463414634
104,2006,1610612752,NYK,41,33,19,82,7994,8228,-2.8536585365853657,0.4024390243902439,0.4634146341463415,0.34146341463414637
105,2006,1610612753,ORL,41,40,25,82,7771,7707,0.7804878048780488,0.4878048780487805,0.6097560975609756,0.36585365853658536
106,2006,1610612754,IND,41,35,22,82,7840,8040,-2.4390243902439024,0.4268292682926829,0.5365853658536586,0.3170731707317073
107,2006,1610612755,PHI,41,35,21,82,7785,8033,-3.024390243902439,0.4268292682926829,0.5121951219512195,0.34146341463414637
108,2006,1610612756,PHX,41,61,33,82,9037,8438,7.304878048780488,0.7439024390243902,0.8048780487804879,0.6829268292682927
109,2006,1610612757,POR,41,32,18,82,7717,8069,-4.2926829268292686,0.3902439024390244,0.43902439024390244,0.34146341463414637
110,2006,1610612758,SAC,41,33,20,82,8303,8451,-1.8048780487804879,0.4024390243902439,0.4878048780487805,0.3170731707317073
111,2006,1610612759,SAS,41,58,31,82,8079,7388,8.426829268292684,0.7073170731707317,0.7560975609756098,0.6585365853658537
112,2006,1610612760,OKC,41,31,20,82,8130,8367,-2.8902439024390243,0.3780487804878049,0.4878048780487805,0.2682926829268293
113,2006,1610612761,TOR,41,47,30,82,8157,8076,0.9878048780487805,0.573170731707317,0.7317073170731707,0.4146341463414634
114,2006,1610612762,UTA,41,51,31,82,8322,8087,2.8658536585365852,0.6219512195121951,0.7560975609756098,0.4878048780487805
115,2006,1610612763,MEM,41,22,14,82,8331,8753,-5.146341463414634,0.2682926829268293,0.34146341463414637,0.1951219512195122
116,2006,1610612764,WAS,41,41,26,82,8556,8598,-0.5121951219512195,0.5,0.6341463414634146,0.36585365853658536
117,2006,1610612765,DET,41,53,26,82,7872,7531,4.158536585365853,0.6463414634146342,0.6341463414634146,0.6585365853658537
118,2006,1610612766,CHA,41,33,20,82,7945,8252,-3.7439024390243905,0.4024390243902439,0.4878048780487805,0.3170731707317073
119,2007,1610612737,ATL,41,37,25,82,8054,8203,-1.8170731707317074,0.45121951219512196,0.6097560975609756,0.2926829268292683
120,2007,1610612738,BOS,41,66,35,82,8245,7404,10.25609756097561,0.8048780487804879,0.8536585365853658,0.7560975609756098
121,2007,1610612739,CLE,41,45,27,82,7903,7932,-0.35365853658536583,0.5487804878048781,0.6585365853658537,0.43902439024390244
122,2007,1610612740,NOP,41,56,30,82,8270,7837,5.280487804878049,0.6829268292682927,0.7317073170731707,0.6341463414634146
123,2007,1610612741,CHI,41,33,20,82,7981,8234,-3.0853658536585367,0.4024390243902439,0.4878048780487805,0.3170731707317073
124,2007,1610612742,DAL,41,51,34,82,8234,7862,4.536585365853658,0.6219512195121951,0.8292682926829268,0.4146341463414634
125,2007,1610612743,DEN,41,50,33,82,9074,8770,3.707317073170732,0.6097560975609756,0.8048780487804879,0.4146341463414634
126,2007,1610612744,GSW,41,48,27,82,9105,8924,2.207317073170732,0.5853658536585366,0.6585365853658537,0.5121951219512195
127,2007,1610612745,HOU,41,55,31,82,7931,7547,4.682926829268292,0.6707317073170732,0.7560975609756098,0.5853658536585366
128,2007,1610612746,LAC,41,23,13,82,7692,8288,-7.2682926829268295,0.2804878048780488,0.3170731707317073,0.24390243902439024
129,2007,1610612747,LAL,41,57,30,82,8904,8309,7.2560975609756095,0.6951219512195121,0.7317073170731707,0.6585365853658537
130,2007,1610612748,MIA,41,15,9,82,7491,8200,-8.646341463414634,0.18292682926829268,0.21951219512195122,0.14634146341463414
131,2007,1610612749,MIL,41,26,19,82,7956,8521,-6.890243902439025,0.3170731707317073,0.4634146341463415,0.17073170731707318
132,2007,1610612750,MIN,41,22,15,82,7839,8395,-6.780487804878049,0.2682926829268293,0.36585365853658536,0.17073170731707318
133,2007,1610612751,BKN,41,34,21,82,7857,8272,-5.060975609756097,0.4146341463414634,0.5121951219512195,0.3170731707317073
134,2007,1610612752,NYK,41,23,15,82,7948,8490,-6.609756097560975,0.2804878048780488,0.36585365853658536,0.1951219512195122
135,2007,1610612753,ORL,41,52,25,82,8567,8119,5.463414634146342,0.6341463414634146,0.6097560975609756,0.6585365853658537
136,2007,1610612754,IND,41,36,21,82,8527,8642,-1.4024390243902438,0.43902439024390244,0.5121951219512195,0.36585365853658536
137,2007,1610612755,PHI,41,40,22,82,7923,7889,0.4146341463414634,0.4878048780487805,0.5365853658536586,0.43902439024390244
138,2007,1610612756,PHX,41,55,30,82,9026,8612,5.048780487804878,0.6707317073170732,0.7317073170731707,0.6097560975609756
139,2007,1610612757,POR,41,41,28,82,7820,7900,-0.975609756097561,0.5,0.6829268292682927,0.3170731707317073
140,2007,1610612758,SAC,41,38,26,82,8408,8593,-2.2560975609756095,0.4634146341463415,0.6341463414634146,0.2926829268292683
141,2007,1610612759,SAS,41,56,34,82,7820,7427,4.7926829268292686,0.6829268292682927,0.8292682926829268,0.5365853658536586
142,2007,1610612760,OKC,41,20,13,82,7999,8717,-8.75609756097561,0.24390243902439024,0.3170731707317073,0.17073170731707318
143,2007,1610612761,TOR,41,41,25,82,8215,7977,2.902439024390244,0.5,0.6097560975609756,0.3902439024390244
144,2007,1610612762,UTA,41,54,37,82,8710,8146,6.878048780487805,0.6585365853658537,0.9024390243902439,0.4146341463414634
145,2007,1610612763,MEM,41,22,14,82,8257,8766,-6.2073170731707314,0.2682926829268293,0.34146341463414637,0.1951219512195122
146,2007,1610612764,WAS,41,43,25,82,8104,8131,-0.32926829268292684,0.524390243902439,0.6097560975609756,0.43902439024390244
147,2007,1610612765,DET,41,59,34,82,7992,7386,7.390243902439025,0.7195121951219512,0.8292682926829268,0.6097560975609756
148,2007,1610612766,CHA,41,32,21,82,7959,8318,-4.378048780487805,0.3902439024390244,0.5121951219512195,0.2682926829268293
149,2008,1610612737,ATL,41,47,31,82,8046,7917,1.5731707317073171,0.573170731707317,0.7560975609756098,0.3902439024390244
150,2008,1610612738,BOS,41,62,35,82,8275,7659,7.512195121951219,0.7560975609756098,0.8536585365853658,0.6585365853658537
151,2008,1610612739,CLE,41,66,39,82,8223,7491,8.926829268292684,0.8048780487804879,0.9512195121951219,0.6585365853658537
152,2008,1610612740,NOP,41,49,28,82,7857,7730,1.548780487804878,0.5975609756097561,0.6829268292682927,0.5121951219512195
153,2008,1610612741,CHI,41,41,28,82,8378,8401,-0.2804878048780488,0.5,0.6829268292682927,0.3170731707317073
154,2008,1610612742,DAL,41,50,32,82,8343,8181,1.975609756097561,0.6097560975609756,0.7804878048780488,0.43902439024390244
155,2008,1610612743,DEN,41,54,33,82,8555,8275,3.4146341463414633,0.6585365853658537,0.8048780487804879,0.5121951219512195
156,2008,1610612744,GSW,41,29,21,82,8905,9212,-3.7439024390243905,0.35365853658536583,0.5121951219512195,0.1951219512195122
157,2008,1610612745,HOU,41,53,33,82,8070,7742,4.0,0.6463414634146342,0.8048780487804879,0.4878048780487805
158,2008,1610612746,LAC,41,19,11,82,7799,8518,-8.768292682926829,0.23170731707317074,0.2682926829268293,0.1951219512195122
159,2008,1610612747,LAL,41,65,36,82,8768,8140,7.658536585365853,0.7926829268292683,0.8780487804878049,0.7073170731707317
160,2008,1610612748,MIA,41,43,28,82,8061,8040,0.25609756097560976,0.524390243902439,0.6829268292682927,0.36585365853658536
161,2008,1610612749,MIL,41,34,22,82,8142,8231,-1.0853658536585367,0.4146341463414634,0.5365853658536586,0.2926829268292683
162,2008,1610612750,MIN,41,24,11,82,8019,8422,-4.914634146341464,0.2926829268292683,0.2682926829268293,0.3170731707317073
163,2008,1610612751,BKN,41,34,19,82,8044,8244,-2.4390243902439024,0.4146341463414634,0.4634146341463415,0.36585365853658536
164,2008,1610612752,NYK,41,32,20,82,8627,8841,-2.6097560975609757,0.3902439024390244,0.4878048780487805,0.2926829268292683
165,2008,1610612753,ORL,41,59,32,82,8286,7737,6.695121951219512,0.7195121951219512,0.7804878048780488,0.6585365853658537
166,2008,1610612754,IND,41,36,25,82,8617,8708,-1.1097560975609757,0.43902439024390244,0.6097560975609756,0.2682926829268293
167,2008,1610612755,PHI,41,41,24,82,7987,7981,0.07317073170731707,0.5,0.5853658536585366,0.4146341463414634
168,2008,1610612756,PHX,41,46,28,82,8974,8816,1.9268292682926829,0.5609756097560976,0.6829268292682927,0.43902439024390244
169,2008,1610612757,POR,41,54,34,82,8153,7715,5.341463414634147,0.6585365853658537,0.8292682926829268,0.4878048780487805
170,2008,1610612758,SAC,41,17,11,82,8248,8966,-8.75609756097561,0.2073170731707317,0.2682926829268293,0.14634146341463414
171,2008,1610612759,SAS,41,54,28,82,7958,7650,3.7560975609756095,0.6585365853658537,0.6829268292682927,0.6341463414634146
172,2008,1610612760,OKC,41,23,15,82,7952,8452,-6.097560975609756,0.2804878048780488,0.36585365853658536,0.1951219512195122
173,2008,1610612761,TOR,41,33,18,82,8121,8352,-2.817073170731707,0.4024390243902439,0.43902439024390244,0.36585365853658536
174,2008,1610612762,UTA,41,48,33,82,8492,8275,2.6463414634146343,0.5853658536585366,0.8048780487804879,0.36585365853658536
175,2008,1610612763,MEM,41,24,16,82,7698,8146,-5.463414634146342,0.2926829268292683,0.3902439024390244,0.1951219512195122
176,2008,1610612764,WAS,41,19,13,82,7877,8489,-7.463414634146342,0.23170731707317074,0.3170731707317073,0.14634146341463414
177,2008,1610612765,DET,41,39,21,82,7727,7767,-0.4878048780487805,0.47560975609756095,0.5121951219512195,0.43902439024390244
178,2008,1610612766,CHA,41,35,23,82,7677,7781,-1.2682926829268293,0.4268292682926829,0.5609756097560976,0.2926829268292683
179,2009,1610612737,ATL,41,53,34,82,8338,7956,4.658536585365853,0.6463414634146342,0.8292682926829268,0.4634146341463415
180,2009,1610612738,BOS,41,50,24,82,8136,7836,3.658536585365854,0.6097560975609756,0.5853658536585366,0.6341463414634146
181,2009,1610612739,CLE,41,61,35,82,8373,7838,6.524390243902439,0.7439024390243902,0.8536585365853658,0.6341463414634146
182,2009,1610612740,NOP,41,37,24,82,8220,8422,-2.4634146341463414,0.45121951219512196,0.5853658536585366,0.3170731707317073
183,2009,1610612741,CHI,41,41,24,82,7993,8127,-1.6341463414634145,0.5,0.5853658536585366,0.4146341463414634
184,2009,1610612742,DAL,41,55,28,82,8364,8141,2.7195121951219514,0.6707317073170732,0.6829268292682927,0.6585365853658537
185,2009,1610612743,DEN,41,53,34,82,8729,8394,4.085365853658536,0.6463414634146342,0.8292682926829268,0.4634146341463415
186,2009,1610612744,GSW,41,26,18,82,8922,9217,-3.597560975609756,0.3170731707317073,0.43902439024390244,0.1951219512195122
187,2009,1610612745,HOU,41,42,23,82,8395,8425,-0.36585365853658536,0.5121951219512195,0.5609756097560976,0.4634146341463415
188,2009,1610612746,LAC,41,29,21,82,7849,8370,-6.353658536585366,0.35365853658536583,0.5121951219512195,0.1951219512195122
189,2009,1610612747,LAL,41,57,34,82,8339,7952,4.719512195121951,0.6951219512195121,0.8292682926829268,0.5609756097560976
190,2009,1610612748,MIA,41,47,24,82,7914,7727,2.2804878048780486,0.573170731707317,0.5853658536585366,0.5609756097560976
191,2009,1610612749,MIL,41,46,28,82,8009,7870,1.6951219512195121,0.5609756097560976,0.6829268292682927,0.43902439024390244
192,2009,1610612750,MIN,41,15,10,82,8051,8838,-9.597560975609756,0.18292682926829268,0.24390243902439024,0.12195121951219512
193,2009,1610612751,BKN,41,12,8,82,7575,8323,-9.121951219512194,0.14634146341463414,0.1951219512195122,0.0975609756097561
194,2009,1610612752,NYK,41,29,18,82,8373,8686,-3.817073170731707,0.35365853658536583,0.43902439024390244,0.2682926829268293
195,2009,1610612753,ORL,41,59,34,82,8426,7812,7.487804878048781,0.7195121951219512,0.8292682926829268,0.6097560975609756
196,2009,1610612754,IND,41,32,23,82,8263,8510,-3.0121951219512195,0.3902439024390244,0.5609756097560976,0.21951219512195122
197,2009,1610612755,PHI,41,27,12,82,8014,8334,-3.902439024390244,0.32926829268292684,0.2926829268292683,0.36585365853658536
198,2009,1610612756,PHX,41,54,32,82,9039,8637,4.902439024390244,0.6585365853658537,0.7804878048780488,0.5365853658536586
199,2009,1610612757,POR,41,50,26,82,8045,7774,3.3048780487804876,0.6097560975609756,0.6341463414634146,0.5853658536585366
200,2009,1610612758,SAC,41,25,18,82,8200,8558,-4.365853658536586,0.3048780487804878,0.43902439024390244,0.17073170731707318
201,2009,1610612759,SAS,41,50,29,82,8312,7895,5.085365853658536,0.6097560975609756,0.7073170731707317,0.5121951219512195
202,2009,1610612760,OKC,41,50,27,82,8322,8036,3.4878048780487805,0.6097560975609756,0.6585365853658537,0.5609756097560976
203,2009,1610612761,TOR,41,40,25,82,8534,8680,-1.7804878048780488,0.4878048780487805,0.6097560975609756,0.36585365853658536
204,2009,1610612762,UTA,41,53,32,82,8547,8109,5.341463414634147,0.6463414634146342,0.7804878048780488,0.5121951219512195
205,2009,1610612763,MEM,41,40,23,82,8404,8528,-1.5121951219512195,0.4878048780487805,0.5609756097560976,0.4146341463414634
206,2009,1610612764,WAS,41,26,15,82,7892,8284,-4.780487804878049,0.3170731707317073,0.36585365853658536,0.2682926829268293
207,2009,1610612765,DET,41,27,17,82,7709,8128,-5.109756097560975,0.32926829268292684,0.4146341463414634,0.24390243902439024
208,2009,1610612766,CHA,41,44,31,82,7813,7693,1.4634146341463414,0.5365853658536586,0.7560975609756098,0.3170731707317073
209,2010,1610612737,ATL,41,44,24,82,7790,7857,-0.8170731707317073,0.5365853658536586,0.5853658536585366,0.4878048780487805
210,2010,1610612738,BOS,41,56,33,82,7913,7473,5.365853658536586,0.6829268292682927,0.8048780487804879,0.5609756097560976
211,2010,1610612739,CLE,41,19,12,82,7827,8566,-9.012195121951219,0.23170731707317074,0.2926829268292683,0.17073170731707318
212,2010,1610612740,NOP,41,46,28,82,7784,7711,0.8902439024390244,0.5609756097560976,0.6829268292682927,0.43902439024390244
213,2010,1610612741,CHI,41,62,36,82,8087,7487,7.317073170731708,0.7560975609756098,0.8780487804878049,0.6341463414634146
214,2010,1610612742,DAL,41,57,29,82,8220,7873,4.2317073170731705,0.6951219512195121,0.7073170731707317,0.6829268292682927
215,2010,1610612743,DEN,41,50,33,82,8811,8421,4.7560975609756095,0.6097560975609756,0.8048780487804879,0.4146341463414634
216,2010,1610612744,GSW,41,36,26,82,8477,8668,-2.3292682926829267,0.43902439024390244,0.6341463414634146,0.24390243902439024
217,2010,1610612745,HOU,41,43,25,82,8685,8506,2.182926829268293,0.524390243902439,0.6097560975609756,0.43902439024390244
218,2010,1610612746,LAC,41,32,23,82,8089,8346,-3.1341463414634148,0.3902439024390244,0.5609756097560976,0.21951219512195122
219,2010,1610612747,LAL,41,57,30,82,8321,7820,6.109756097560975,0.6951219512195121,0.7317073170731707,0.6585365853658537
220,2010,1610612748,MIA,41,58,30,82,8369,7757,7.463414634146342,0.7073170731707317,0.7317073170731707,0.6829268292682927
221,2010,1610612749,MIL,41,35,22,82,7534,7603,-0.8414634146341463,0.4268292682926829,0.5365853658536586,0.3170731707317073
222,2010,1610612750,MIN,41,17,12,82,8288,8832,-6.634146341463414,0.2073170731707317,0.2926829268292683,0.12195121951219512
223,2010,1610612751,BKN,41,24,19,82,7722,8234,-6.2439024390243905,0.2926829268292683,0.4634146341463415,0.12195121951219512
224,2010,1610612752,NYK,41,42,23,82,8734,8670,0.7804878048780488,0.5121951219512195,0.5609756097560976,0.4634146341463415
225,2010,1610612753,ORL,41,52,29,82,8135,7687,5.463414634146342,0.6341463414634146,0.7073170731707317,0.5609756097560976
226,2010,1610612754,IND,41,37,24,82,8183,8271,-1.0731707317073171,0.45121951219512196,0.5853658536585366,0.3170731707317073
227,2010,1610612755,PHI,41,41,26,82,8119,7996,1.5,0.5,0.6341463414634146,0.36585365853658536
228,2010,1610612756,PHX,41,40,23,82,8611,8684,-0.8902439024390244,0.4878048780487805,0.5609756097560976,0.4146341463414634
229,2010,1610612757,POR,41,48,30,82,7896,7771,1.524390243902439,0.5853658536585366,0.7317073170731707,0.43902439024390244
230,2010,1610612758,SAC,41,24,11,82,8151,8589,-5.341463414634147,0.2926829268292683,0.2682926829268293,0.3170731707317073
231,2010,1610612759,SAS,41,61,36,82,8502,8034,5.7073170731707314,0.7439024390243902,0.8780487804878049,0.6097560975609756
232,2010,1610612760,OKC,41,55,30,82,8596,8285,3.792682926829268,0.6707317073170732,0.7317073170731707,0.6097560975609756
233,2010,1610612761,TOR,41,22,16,82,8124,8639,-6.280487804878049,0.2682926829268293,0.3902439024390244,0.14634146341463414
234,2010,1610612762,UTA,41,39,21,82,8153,8303,-1.829268292682927,0.47560975609756095,0.5121951219512195,0.43902439024390244
235,2010,1610612763,MEM,41,46,30,82,8195,8003,2.341463414634146,0.5609756097560976,0.7317073170731707,0.3902439024390244
236,2010,1610612764,WAS,41,23,20,82,7977,8584,-7.402439024390244,0.2804878048780488,0.4878048780487805,0.07317073170731707
237,2010,1610612765,DET,41,30,21,82,7951,8246,-3.597560975609756,0.36585365853658536,0.5121951219512195,0.21951219512195122
238,2010,1610612766,CHA,41,34,21,82,7650,7978,-4.0,0.4146341463414634,0.5121951219512195,0.3170731707317073
239,2011,1610612737,ATL,33,40,23,66,6375,6148,3.4393939393939394,0.6060606060606061,0.696969696969697,0.5151515151515151
240,2011,1610612738,BOS,33,39,24,66,6062,5896,2.515151515151515,0.5909090909090909,0.7272727272727273,0.45454545454545453
241,2011,1610612739,CLE,33,21,11,66,6140,6615,-7.196969696969697,0.3181818181818182,0.3333333333333333,0.30303030303030304
242,2011,1610612740,NOP,33,21,11,66,5916,6164,-3.757575757575758,0.3181818181818182,0.3333333333333333,0.30303030303030304
243,2011,1610612741,CHI,33,50,26,66,6359,5819,8.181818181818182,0.7575757575757576,0.7878787878787878,0.7272727272727273
244,2011,1610612742,DAL,33,36,23,66,6322,6259,0.9545454545454546,0.5454545454545454,0.696969696969697,0.3939393939393939
245,2011,1610612743,DEN,33,38,20,66,6872,6682,2.878787878787879,0.5757575757575758,0.6060606060606061,0.5454545454545454
246,2011,1610612744,GSW,33,23,12,66,6453,6678,-3.409090909090909,0.3484848484848485,0.36363636363636365,0.3333333333333333
247,2011,1610612745,HOU,33,34,22,66,6474,6459,0.22727272727272727,0.5151515151515151,0.6666666666666666,0.36363636363636365
248,2011,1610612746,LAC,33,40,24,66,6438,6269,2.5606060606060606,0.6060606060606061,0.7272727272727273,0.48484848484848486
249,2011,1610612747,LAL,33,41,26,66,6422,6328,1.4242424242424243,0.6212121212121212,0.7878787878787878,0.45454545454545453
250,2011,1610612748,MIA,33,46,28,66,6500,6105,5.984848484848484,0.696969696969697,0.8484848484848485,0.5454545454545454
251,2011,1610612749,MIL,33,31,17,66,6535,6517,0.2727272727272727,0.4696969696969697,0.5151515151515151,0.42424242424242425
252,2011,1610612750,MIN,33,26,13,66,6464,6609,-2.196969696969697,0.3939393939393939,0.3939393939393939,0.3939393939393939
253,2011,1610612751,BKN,33,22,9,66,6144,6539,-5.984848484848484,0.3333333333333333,0.2727272727272727,0.3939393939393939
254,2011,1610612752,NYK,33,36,22,66,6458,6247,3.196969696969697,0.5454545454545454,0.6666666666666666,0.42424242424242425
255,2011,1610612753,ORL,33,37,21,66,6215,6163,0.7878787878787878,0.5606060606060606,0.6363636363636364,0.48484848484848486
256,2011,1610612754,IND,33,42,23,66,6449,6231,3.303030303030303,0.6363636363636364,0.696969696969697,0.5757575757575758
257,2011,1610612755,PHI,33,35,19,66,6180,5900,4.242424242424242,0.5303030303030303,0.5757575757575758,0.48484848484848486
258,2011,1610612756,PHX,33,33,19,66,6492,6508,-0.24242424242424243,0.5,0.5757575757575758,0.42424242424242425
259,2011,1610612757,POR,33,28,20,66,6415,6456,-0.6212121212121212,0.42424242424242425,0.6060606060606061,0.24242424242424243
260,2011,1610612758,SAC,33,22,16,66,6518,6893,-5.681818181818182,0.3333333333333333,0.48484848484848486,0.18181818181818182
261,2011,1610612759,SAS,33,50,28,66,6841,6368,7.166666666666667,0.7575757575757576,0.8484848484848485,0.6666666666666666
262,2011,1610612760,OKC,33,47,26,66,6802,6398,6.121212121212121,0.7121212121212122,0.7878787878787878,0.6363636363636364
263,2011,1610612761,TOR,33,23,13,66,5986,6204,-3.303030303030303,0.3484848484848485,0.3939393939393939,0.30303030303030304
264,2011,1610612762,UTA,33,36,25,66,6577,6536,0.6212121212121212,0.5454545454545454,0.7575757575757576,0.3333333333333333
265,2011,1610612763,MEM,33,41,26,66,6269,6136,2.015151515151515,0.6212121212121212,0.7878787878787878,0.45454545454545453
266,2011,1610612764,WAS,33,20,11,66,6180,6497,-4.803030303030303,0.30303030303030304,0.3333333333333333,0.2727272727272727
267,2011,1610612765,DET,33,25,18,66,5997,6313,-4.787878787878788,0.3787878787878788,0.5454545454545454,0.21212121212121213
268,2011,1610612766,CHA,33,7,4,66,5739,6657,-13.909090909090908,0.10606060606060606,0.12121212121212122,0.09090909090909091
269,2012,1610612737,ATL,41,44,25,82,8032,7999,0.4024390243902439,0.5365853658536586,0.6097560975609756,0.4634146341463415
270,2012,1610612738,BOS,40,41,27,81,7818,7836,-0.2222222222222222,0.5061728395061729,0.675,0.34146341463414637
271,2012,1610612739,CLE,41,24,14,82,7913,8297,-4.682926829268292,0.2926829268292683,0.34146341463414637,0.24390243902439024
272,2012,1610612740,NOP,41,27,16,82,7714,8031,-3.8658536585365852,0.32926829268292684,0.3902439024390244,0.2682926829268293
273,2012,1610612741,CHI,41,45,24,82,7641,7615,0.3170731707317073,0.5487804878048781,0.5853658536585366,0.5121951219512195
274,2012,1610612742,DAL,41,41,24,82,8293,8342,-0.5975609756097561,0.5,0.5853658536585366,0.4146341463414634
275,2012,1610612743,DEN,41,57,38,82,8704,8287,5.085365853658536,0.6951219512195121,0.926829268292683,0.4634146341463415
276,2012,1610612744,GSW,41,47,28,82,8296,8223,0.8902439024390244,0.573170731707317,0.6829268292682927,0.4634146341463415
277,2012,1610612745,HOU,41,45,29,82,8688,8403,3.475609756097561,0.5487804878048781,0.7073170731707317,0.3902439024390244
278,2012,1610612746,LAC,41,56,32,82,8289,7760,6.451219512195122,0.6829268292682927,0.7804878048780488,0.5853658536585366
279,2012,1610612747,LAL,41,45,29,82,8381,8286,1.1585365853658536,0.5487804878048781,0.7073170731707317,0.3902439024390244
280,2012,1610612748,MIA,41,66,37,82,8436,7791,7.865853658536586,0.8048780487804879,0.9024390243902439,0.7073170731707317
281,2012,1610612749,MIL,41,38,21,82,8108,8231,-1.5,0.4634146341463415,0.5121951219512195,0.4146341463414634
282,2012,1610612750,MIN,41,31,20,82,7851,8045,-2.3658536585365852,0.3780487804878049,0.4878048780487805,0.2682926829268293
283,2012,1610612751,BKN,41,49,26,82,7944,7798,1.7804878048780488,0.5975609756097561,0.6341463414634146,0.5609756097560976
284,2012,1610612752,NYK,41,54,31,82,8196,7849,4.2317073170731705,0.6585365853658537,0.7560975609756098,0.5609756097560976
285,2012,1610612753,ORL,41,20,12,82,7718,8291,-6.987804878048781,0.24390243902439024,0.2926829268292683,0.1951219512195122
286,2012,1610612754,IND,41,49,30,81,7674,7348,4.0246913580246915,0.6049382716049383,0.7317073170731707,0.475
287,2012,1610612755,PHI,41,34,23,82,7640,7914,-3.341463414634146,0.4146341463414634,0.5609756097560976,0.2682926829268293
288,2012,1610612756,PHX,41,25,17,82,7805,8335,-6.463414634146342,0.3048780487804878,0.4146341463414634,0.1951219512195122
289,2012,1610612757,POR,41,33,22,82,7995,8255,-3.1707317073170733,0.4024390243902439,0.5365853658536586,0.2682926829268293
290,2012,1610612758,SAC,41,28,20,82,8219,8619,-4.878048780487805,0.34146341463414637,0.4878048780487805,0.1951219512195122
291,2012,1610612759,SAS,41,58,35,82,8448,7923,6.402439024390244,0.7073170731707317,0.8536585365853658,0.5609756097560976
292,2012,1610612760,OKC,41,60,34,82,8669,7914,9.207317073170731,0.7317073170731707,0.8292682926829268,0.6341463414634146
293,2012,1610612761,TOR,41,34,21,82,7971,8092,-1.475609756097561,0.4146341463414634,0.5121951219512195,0.3170731707317073
294,2012,1610612762,UTA,41,43,30,82,8038,8045,-0.08536585365853659,0.524390243902439,0.7317073170731707,0.3170731707317073
295,2012,1610612763,MEM,41,56,32,82,7659,7319,4.146341463414634,0.6829268292682927,0.7804878048780488,0.5853658536585366
296,2012,1610612764,WAS,41,29,22,82,7644,7852,-2.5365853658536586,0.35365853658536583,0.5365853658536586,0.17073170731707318
297,2012,1610612765,DET,41,29,18,82,7778,8105,-3.9878048780487805,0.35365853658536583,0.43902439024390244,0.2682926829268293
298,2012,1610612766,CHA,41,21,15,82,7661,8418,-9.231707317073171,0.25609756097560976,0.36585365853658536,0.14634146341463414
299,2013,1610612737,ATL,41,38,24,82,8282,8321,-0.47560975609756095,0.4634146341463415,0.5853658536585366,0.34146341463414637
300,2013,1610612738,BOS,41,25,16,82,7892,8258,-4.463414634146342,0.3048780487804878,0.3902439024390244,0.21951219512195122
301,2013,1610612739,CLE,41,33,19,82,8054,8324,-3.292682926829268,0.4024390243902439,0.4634146341463415,0.34146341463414637
302,2013,1610612740,NOP,41,34,22,82,8177,8399,-2.707317073170732,0.4146341463414634,0.5365853658536586,0.2926829268292683
303,2013,1610612741,CHI,41,48,27,82,7680,7528,1.853658536585366,0.5853658536585366,0.6585365853658537,0.5121951219512195
304,2013,1610612742,DAL,41,49,26,82,8597,8400,2.402439024390244,0.5975609756097561,0.6341463414634146,0.5609756097560976
305,2013,1610612743,DEN,41,36,22,82,8559,8735,-2.1463414634146343,0.43902439024390244,0.5365853658536586,0.34146341463414637
306,2013,1610612744,GSW,41,51,27,82,8549,8155,4.804878048780488,0.6219512195121951,0.6585365853658537,0.5853658536585366
307,2013,1610612745,HOU,41,54,33,82,8829,8455,4.560975609756097,0.6585365853658537,0.8048780487804879,0.5121951219512195
308,2013,1610612746,LAC,41,57,34,82,8850,8278,6.975609756097561,0.6951219512195121,0.8292682926829268,0.5609756097560976
309,2013,1610612747,LAL,41,27,14,82,8442,8958,-6.2926829268292686,0.32926829268292684,0.34146341463414637,0.3170731707317073
310,2013,1610612748,MIA,41,54,32,82,8380,7990,4.7560975609756095,0.6585365853658537,0.7804878048780488,0.5365853658536586
311,2013,1610612749,MIL,41,15,10,82,7829,8500,-8.182926829268293,0.18292682926829268,0.24390243902439024,0.12195121951219512
312,2013,1610612750,MIN,41,40,24,82,8768,8549,2.6707317073170733,0.4878048780487805,0.5853658536585366,0.3902439024390244
313,2013,1610612751,BKN,41,44,28,82,8079,8161,-1.0,0.5365853658536586,0.6829268292682927,0.3902439024390244
314,2013,1610612752,NYK,41,37,19,82,8084,8149,-0.7926829268292683,0.45121951219512196,0.4634146341463415,0.43902439024390244
315,2013,1610612753,ORL,41,23,19,82,7914,8360,-5.439024390243903,0.2804878048780488,0.4634146341463415,0.0975609756097561
316,2013,1610612754,IND,41,56,35,82,7933,7572,4.402439024390244,0.6829268292682927,0.8536585365853658,0.5121951219512195
317,2013,1610612755,PHI,41,19,10,82,8155,9012,-10.451219512195122,0.23170731707317074,0.24390243902439024,0.21951219512195122
318,2013,1610612756,PHX,41,48,26,82,8629,8413,2.6341463414634148,0.5853658536585366,0.6341463414634146,0.5365853658536586
319,2013,1610612757,POR,41,54,31,82,8753,8426,3.9878048780487805,0.6585365853658537,0.7560975609756098,0.5609756097560976
320,2013,1610612758,SAC,41,28,17,82,8241,8479,-2.902439024390244,0.34146341463414637,0.4146341463414634,0.2682926829268293
321,2013,1610612759,SAS,41,62,32,82,8639,8006,7.719512195121951,0.7560975609756098,0.7804878048780488,0.7317073170731707
322,2013,1610612760,OKC,41,59,34,82,8705,8185,6.341463414634147,0.7195121951219512,0.8292682926829268,0.6097560975609756
323,2013,1610612761,TOR,41,48,26,82,8305,8039,3.2439024390243905,0.5853658536585366,0.6341463414634146,0.5365853658536586
324,2013,1610612762,UTA,41,25,16,82,7791,8379,-7.170731707317073,0.3048780487804878,0.3902439024390244,0.21951219512195122
325,2013,1610612763,MEM,41,50,27,82,7884,7755,1.5731707317073171,0.6097560975609756,0.6585365853658537,0.5609756097560976
326,2013,1610612764,WAS,41,44,22,82,8254,8150,1.2682926829268293,0.5365853658536586,0.5365853658536586,0.5365853658536586
327,2013,1610612765,DET,41,29,17,82,8286,8586,-3.658536585365854,0.35365853658536583,0.4146341463414634,0.2926829268292683
328,2013,1610612766,CHA,41,43,25,82,7942,7960,-0.21951219512195122,0.524390243902439,0.6097560975609756,0.43902439024390244
329,2014,1610612737,ATL,41,60,35,82,8409,7964,5.426829268292683,0.7317073170731707,0.8536585365853658,0.6097560975609756
330,2014,1610612738,BOS,41,40,21,82,8312,8299,0.15853658536585366,0.4878048780487805,0.5121951219512195,0.4634146341463415
331,2014,1610612739,CLE,41,53,31,82,8457,8090,4.475609756097561,0.6463414634146342,0.7560975609756098,0.5365853658536586
332,2014,1610612740,NOP,41,45,28,82,8147,8082,0.7926829268292683,0.5487804878048781,0.6829268292682927,0.4146341463414634
333,2014,1610612741,CHI,41,50,27,82,8265,8019,3.0,0.6097560975609756,0.6585365853658537,0.5609756097560976
334,2014,1610612742,DAL,41,50,27,82,8628,8390,2.902439024390244,0.6097560975609756,0.6585365853658537,0.5609756097560976
335,2014,1610612743,DEN,41,30,19,82,8320,8611,-3.548780487804878,0.36585365853658536,0.4634146341463415,0.2682926829268293
336,2014,1610612744,GSW,41,67,39,82,9016,8188,10.097560975609756,0.8170731707317073,0.9512195121951219,0.6829268292682927
337,2014,1610612745,HOU,41,56,30,82,8522,8240,3.4390243902439024,0.6829268292682927,0.7317073170731707,0.6341463414634146
338,2014,1610612746,LAC,41,56,30,82,8751,8211,6.585365853658536,0.6829268292682927,0.7317073170731707,0.6341463414634146
339,2014,1610612747,LAL,41,21,12,82,8073,8634,-6.841463414634147,0.25609756097560976,0.2926829268292683,0.21951219512195122
340,2014,1610612748,MIA,41,37,20,82,7764,7977,-2.597560975609756,0.45121951219512196,0.4878048780487805,0.4146341463414634
341,2014,1610612749,MIL,41,41,23,82,8023,7988,0.4268292682926829,0.5,0.5609756097560976,0.43902439024390244
342,2014,1610612750,MIN,41,16,9,82,8016,8737,-8.792682926829269,0.1951219512195122,0.21951219512195122,0.17073170731707318
343,2014,1610612751,BKN,41,38,19,82,8038,8274,-2.8780487804878048,0.4634146341463415,0.4634146341463415,0.4634146341463415
344,2014,1610612752,NYK,41,17,10,82,7535,8299,-9.317073170731707,0.2073170731707317,0.24390243902439024,0.17073170731707318
345,2014,1610612753,ORL,41,25,13,82,7847,8316,-5.719512195121951,0.3048780487804878,0.3170731707317073,0.2926829268292683
346,2014,1610612754,IND,41,38,23,82,7981,7958,0.2804878048780488,0.4634146341463415,0.5609756097560976,0.36585365853658536
347,2014,1610612755,PHI,41,18,12,82,7542,8278,-8.975609756097562,0.21951219512195122,0.2926829268292683,0.14634146341463414
348,2014,1610612756,PHX,41,39,22,82,8397,8471,-0.9024390243902439,0.47560975609756095,0.5365853658536586,0.4146341463414634
349,2014,1610612757,POR,41,51,32,82,8429,8082,4.2317073170731705,0.6219512195121951,0.7804878048780488,0.4634146341463415
350,2014,1610612758,SAC,41,29,18,82,8310,8614,-3.707317073170732,0.35365853658536583,0.43902439024390244,0.2682926829268293
351,2014,1610612759,SAS,41,55,33,82,8461,7953,6.195121951219512,0.6707317073170732,0.8048780487804879,0.5365853658536586
352,2014,1610612760,OKC,41,45,29,82,8524,8345,2.182926829268293,0.5487804878048781,0.7073170731707317,0.3902439024390244
353,2014,1610612761,TOR,41,49,27,82,8527,8275,3.073170731707317,0.5975609756097561,0.6585365853658537,0.5365853658536586
354,2014,1610612762,UTA,41,38,21,82,7801,7783,0.21951219512195122,0.4634146341463415,0.5121951219512195,0.4146341463414634
355,2014,1610612763,MEM,41,55,31,82,8062,7796,3.2439024390243905,0.6707317073170732,0.7560975609756098,0.5853658536585366
356,2014,1610612764,WAS,41,46,29,82,8080,8021,0.7195121951219512,0.5609756097560976,0.7073170731707317,0.4146341463414634
357,2014,1610612765,DET,41,32,18,82,8077,8159,-1.0,0.3902439024390244,0.43902439024390244,0.34146341463414637
358,2014,1610612766,CHA,41,33,19,82,7721,7981,-3.1707317073170733,0.4024390243902439,0.4634146341463415,0.34146341463414637
359,2015,1610612737,ATL,41,48,27,82,8433,8137,3.6097560975609757,0.5853658536585366,0.6585365853658537,0.5121951219512195
360,2015,1610612738,BOS,41,48,28,82,8669,8406,3.207317073170732,0.5853658536585366,0.6829268292682927,0.4878048780487805
361,2015,1610612739,CLE,41,57,33,82,8555,8063,6.0,0.6951219512195121,0.8048780487804879,0.5853658536585366
362,2015,1610612740,NOP,41,30,21,82,8423,8734,-3.792682926829268,0.36585365853658536,0.5121951219512195,0.21951219512195122
363,2015,1610612741,CHI,41,42,26,82,8335,8456,-1.475609756097561,0.5121951219512195,0.6341463414634146,0.3902439024390244
364,2015,1610612742,DAL,41,42,23,82,8388,8413,-0.3048780487804878,0.5121951219512195,0.5609756097560976,0.4634146341463415
365,2015,1610612743,DEN,41,33,18,82,8355,8609,-3.097560975609756,0.4024390243902439,0.43902439024390244,0.36585365853658536
366,2015,1610612744,GSW,41,73,39,82,9421,8539,10.75609756097561,0.8902439024390244,0.9512195121951219,0.8292682926829268
367,2015,1610612745,HOU,41,41,23,82,8737,8721,0.1951219512195122,0.5,0.5609756097560976,0.43902439024390244
368,2015,1610612746,LAC,41,53,29,82,8569,8218,4.280487804878049,0.6463414634146342,0.7073170731707317,0.5853658536585366
369,2015,1610612747,LAL,41,17,12,82,7982,8766,-9.560975609756097,0.2073170731707317,0.2926829268292683,0.12195121951219512
370,2015,1610612748,MIA,41,48,28,82,8204,8069,1.646341463414634,0.5853658536585366,0.6829268292682927,0.4878048780487805
371,2015,1610612749,MIL,41,33,23,82,8122,8465,-4.182926829268292,0.4024390243902439,0.5609756097560976,0.24390243902439024
372,2015,1610612750,MIN,41,29,14,82,8398,8688,-3.5365853658536586,0.35365853658536583,0.34146341463414637,0.36585365853658536
373,2015,1610612751,BKN,41,21,14,82,8089,8692,-7.353658536585366,0.25609756097560976,0.34146341463414637,0.17073170731707318
374,2015,1610612752,NYK,41,32,18,82,8065,8289,-2.731707317073171,0.3902439024390244,0.43902439024390244,0.34146341463414637
375,2015,1610612753,ORL,41,35,23,82,8369,8502,-1.6219512195121952,0.4268292682926829,0.5609756097560976,0.2926829268292683
376,2015,1610612754,IND,41,45,26,82,8377,8237,1.7073170731707317,0.5487804878048781,0.6341463414634146,0.4634146341463415
377,2015,1610612755,PHI,41,10,7,82,7988,8827,-10.231707317073171,0.12195121951219512,0.17073170731707318,0.07317073170731707
378,2015,1610612756,PHX,41,23,14,82,8271,8817,-6.658536585365853,0.2804878048780488,0.34146341463414637,0.21951219512195122
379,2015,1610612757,POR,41,44,28,82,8622,8554,0.8292682926829268,0.5365853658536586,0.6829268292682927,0.3902439024390244
380,2015,1610612758,SAC,41,33,18,82,8740,8943,-2.475609756097561,0.4024390243902439,0.43902439024390244,0.36585365853658536
381,2015,1610612759,SAS,41,67,40,82,8490,7618,10.634146341463415,0.8170731707317073,0.975609756097561,0.6585365853658537
382,2015,1610612760,OKC,41,55,32,82,9038,8441,7.280487804878049,0.6707317073170732,0.7804878048780488,0.5609756097560976
383,2015,1610612761,TOR,41,56,32,82,8422,8053,4.5,0.6829268292682927,0.7804878048780488,0.5853658536585366
384,2015,1610612762,UTA,41,40,24,82,8010,7863,1.7926829268292683,0.4878048780487805,0.5853658536585366,0.3902439024390244
385,2015,1610612763,MEM,41,42,26,82,8126,8310,-2.2439024390243905,0.5121951219512195,0.6341463414634146,0.3902439024390244
386,2015,1610612764,WAS,41,41,22,82,8534,8575,-0.5,0.5,0.5365853658536586,0.4634146341463415
387,2015,1610612765,DET,41,44,26,82,8361,8311,0.6097560975609756,0.5365853658536586,0.6341463414634146,0.43902439024390244
388,2015,1610612766,CHA,41,48,30,82,8479,8256,2.7195121951219514,0.5853658536585366,0.7317073170731707,0.43902439024390244
389,2016,1610612737,ATL,41,43,23,82,8459,8529,-0.8536585365853658,0.524390243902439,0.5609756097560976,0.4878048780487805
390,2016,1610612738,BOS,41,53,30,82,8857,8641,2.6341463414634148,0.6463414634146342,0.7317073170731707,0.5609756097560976
391,2016,1610612739,CLE,41,51,31,82,9048,8787,3.182926829268293,0.6219512195121951,0.7560975609756098,0.4878048780487805
392,2016,1610612740,NOP,41,34,21,82,8556,8728,-2.097560975609756,0.4146341463414634,0.5121951219512195,0.3170731707317073
393,2016,1610612741,CHI,41,41,25,82,8435,8400,0.4268292682926829,0.5,0.6097560975609756,0.3902439024390244
394,2016,1610612742,DAL,41,33,21,82,8029,8269,-2.926829268292683,0.4024390243902439,0.5121951219512195,0.2926829268292683
395,2016,1610612743,DEN,41,40,22,82,9161,9119,0.5121951219512195,0.4878048780487805,0.5365853658536586,0.43902439024390244
396,2016,1610612744,GSW,41,67,36,82,9503,8549,11.634146341463415,0.8170731707317073,0.8780487804878049,0.7560975609756098
397,2016,1610612745,HOU,41,55,30,82,9458,8985,5.7682926829268295,0.6707317073170732,0.7317073170731707,0.6097560975609756
398,2016,1610612746,LAC,41,51,29,82,8911,8559,4.2926829268292686,0.6219512195121951,0.7073170731707317,0.5365853658536586
399,2016,1610612747,LAL,41,26,17,82,8575,9139,-6.878048780487805,0.3170731707317073,0.4146341463414634,0.21951219512195122
400,2016,1610612748,MIA,41,41,23,82,8460,8373,1.0609756097560976,0.5,0.5609756097560976,0.43902439024390244
401,2016,1610612749,MIL,41,42,23,82,8497,8512,-0.18292682926829268,0.5121951219512195,0.5609756097560976,0.4634146341463415
402,2016,1610612750,MIN,41,31,20,82,8657,8748,-1.1097560975609757,0.3780487804878049,0.4878048780487805,0.2682926829268293
403,2016,1610612751,BKN,41,20,13,82,8673,9225,-6.7317073170731705,0.24390243902439024,0.3170731707317073,0.17073170731707318
404,2016,1610612752,NYK,41,31,19,82,8556,8857,-3.6707317073170733,0.3780487804878049,0.4634146341463415,0.2926829268292683
405,2016,1610612753,ORL,41,29,16,82,8288,8827,-6.573170731707317,0.35365853658536583,0.3902439024390244,0.3170731707317073
406,2016,1610612754,IND,41,42,29,82,8618,8636,-0.21951219512195122,0.5121951219512195,0.7073170731707317,0.3170731707317073
407,2016,1610612755,PHI,41,28,17,82,8400,8867,-5.695121951219512,0.34146341463414637,0.4146341463414634,0.2682926829268293
408,2016,1610612756,PHX,41,24,15,82,8831,9293,-5.634146341463414,0.2926829268292683,0.36585365853658536,0.21951219512195122
409,2016,1610612757,POR,41,41,25,82,8851,8894,-0.524390243902439,0.5,0.6097560975609756,0.3902439024390244
410,2016,1610612758,SAC,41,32,17,82,8430,8748,-3.8780487804878048,0.3902439024390244,0.4146341463414634,0.36585365853658536
411,2016,1610612759,SAS,41,61,31,82,8637,8047,7.195121951219512,0.7439024390243902,0.7560975609756098,0.7317073170731707
412,2016,1610612760,OKC,41,47,28,82,8741,8679,0.7560975609756098,0.573170731707317,0.6829268292682927,0.4634146341463415
413,2016,1610612761,TOR,41,51,28,82,8762,8417,4.2073170731707314,0.6219512195121951,0.6829268292682927,0.5609756097560976
414,2016,1610612762,UTA,41,51,29,82,8258,7935,3.9390243902439024,0.6219512195121951,0.7073170731707317,0.5365853658536586
415,2016,1610612763,MEM,41,43,24,82,8239,8199,0.4878048780487805,0.524390243902439,0.5853658536585366,0.4634146341463415
416,2016,1610612764,WAS,41,49,30,82,8953,8805,1.8048780487804879,0.5975609756097561,0.7317073170731707,0.4634146341463415
417,2016,1610612765,DET,41,37,24,82,8309,8401,-1.1219512195121952,0.45121951219512196,0.5853658536585366,0.3170731707317073
418,2016,1610612766,CHA,41,36,22,82,8601,8585,0.1951219512195122,0.43902439024390244,0.5365853658536586,0.34146341463414637
419,2017,1610612737,ATL,41,24,16,82,8475,8922,-5.451219512195122,0.2926829268292683,0.3902439024390244,0.1951219512195122
420,2017,1610612738,BOS,41,55,27,82,8529,8235,3.5853658536585367,0.6707317073170732,0.6585365853658537,0.6829268292682927
421,2017,1610612739,CLE,41,50,29,82,9091,9014,0.9390243902439024,0.6097560975609756,0.7073170731707317,0.5121951219512195
422,2017,1610612740,NOP,41,48,24,82,9161,9054,1.3048780487804879,0.5853658536585366,0.5853658536585366,0.5853658536585366
423,2017,1610612741,CHI,41,27,17,82,8440,9017,-7.036585365853658,0.32926829268292684,0.4146341463414634,0.24390243902439024
424,2017,1610612742,DAL,41,24,15,82,8390,8639,-3.0365853658536586,0.2926829268292683,0.36585365853658536,0.21951219512195122
425,2017,1610612743,DEN,41,46,31,82,9020,8899,1.475609756097561,0.5609756097560976,0.7560975609756098,0.36585365853658536
426,2017,1610612744,GSW,41,58,29,82,9304,8814,5.975609756097561,0.7073170731707317,0.7073170731707317,0.7073170731707317
427,2017,1610612745,HOU,41,65,34,82,9213,8518,8.475609756097562,0.7926829268292683,0.8292682926829268,0.7560975609756098
428,2017,1610612746,LAC,41,42,22,82,8937,8934,0.036585365853658534,0.5121951219512195,0.5365853658536586,0.4878048780487805
429,2017,1610612747,LAL,41,35,20,82,8862,8989,-1.548780487804878,0.4268292682926829,0.4878048780487805,0.36585365853658536
430,2017,1610612748,MIA,41,44,26,82,8480,8441,0.47560975609756095,0.5365853658536586,0.6341463414634146,0.43902439024390244
431,2017,1610612749,MIL,41,44,25,82,8731,8756,-0.3048780487804878,0.5365853658536586,0.6097560975609756,0.4634146341463415
432,2017,1610612750,MIN,41,47,30,82,8980,8797,2.231707317073171,0.573170731707317,0.7317073170731707,0.4146341463414634
433,2017,1610612751,BKN,41,28,15,82,8741,9048,-3.7439024390243905,0.34146341463414637,0.36585365853658536,0.3170731707317073
434,2017,1610612752,NYK,41,29,19,82,8566,8858,-3.5609756097560976,0.35365853658536583,0.4634146341463415,0.24390243902439024
435,2017,1610612753,ORL,41,25,17,82,8479,8874,-4.817073170731708,0.3048780487804878,0.4146341463414634,0.1951219512195122
436,2017,1610612754,IND,41,48,27,82,8656,8543,1.3780487804878048,0.5853658536585366,0.6585365853658537,0.5121951219512195
437,2017,1610612755,PHI,41,52,30,82,9004,8635,4.5,0.6341463414634146,0.7317073170731707,0.5365853658536586
438,2017,1610612756,PHX,41,21,10,82,8522,9290,-9.365853658536585,0.25609756097560976,0.24390243902439024,0.2682926829268293
439,2017,1610612757,POR,41,49,28,82,8661,8448,2.597560975609756,0.5975609756097561,0.6829268292682927,0.5121951219512195
440,2017,1610612758,SAC,41,27,14,82,8104,8677,-6.987804878048781,0.32926829268292684,0.34146341463414637,0.3170731707317073
441,2017,1610612759,SAS,41,47,33,82,8424,8187,2.8902439024390243,0.573170731707317,0.8048780487804879,0.34146341463414637
442,2017,1610612760,OKC,41,48,27,82,8844,8564,3.4146341463414633,0.5853658536585366,0.6585365853658537,0.5121951219512195
443,2017,1610612761,TOR,41,59,34,82,9156,8518,7.780487804878049,0.7195121951219512,0.8292682926829268,0.6097560975609756
444,2017,1610612762,UTA,41,48,28,82,8540,8187,4.304878048780488,0.5853658536585366,0.6829268292682927,0.4878048780487805
445,2017,1610612763,MEM,41,22,16,82,8145,8654,-6.2073170731707314,0.2682926829268293,0.3902439024390244,0.14634146341463414
446,2017,1610612764,WAS,41,43,23,82,8742,8694,0.5853658536585366,0.524390243902439,0.5609756097560976,0.4878048780487805
447,2017,1610612765,DET,41,39,25,82,8509,8521,-0.14634146341463414,0.47560975609756095,0.6097560975609756,0.34146341463414637
448,2017,1610612766,CHA,41,36,21,82,8874,8853,0.25609756097560976,0.43902439024390244,0.5121951219512195,0.36585365853658536
449,2018,1610612737,ATL,41,29,17,82,9294,9788,-6.024390243902439,0.35365853658536583,0.4146341463414634,0.2926829268292683
450,2018,1610612738,BOS,41,49,28,82,9216,8852,4.439024390243903,0.5975609756097561,0.6829268292682927,0.5121951219512195
451,2018,1610612739,CLE,41,19,13,82,8567,9355,-9.609756097560975,0.23170731707317074,0.3170731707317073,0.14634146341463414
452,2018,1610612740,NOP,41,33,19,82,9466,9575,-1.329268292682927,0.4024390243902439,0.4634146341463415,0.34146341463414637
453,2018,1610612741,CHI,41,22,9,82,8605,9295,-8.414634146341463,0.2682926829268293,0.21951219512195122,0.3170731707317073
454,2018,1610612742,DAL,41,33,24,82,8927,9032,-1.2804878048780488,0.4024390243902439,0.5853658536585366,0.21951219512195122
455,2018,1610612743,DEN,41,54,34,82,9075,8751,3.951219512195122,0.6585365853658537,0.8292682926829268,0.4878048780487805
456,2018,1610612744,GSW,41,57,30,82,9650,9120,6.463414634146342,0.6951219512195121,0.7317073170731707,0.6585365853658537
457,2018,1610612745,HOU,41,53,31,82,9341,8950,4.7682926829268295,0.6463414634146342,0.7560975609756098,0.5365853658536586
458,2018,1610612746,LAC,41,48,26,82,9442,9372,0.8536585365853658,0.5853658536585366,0.6341463414634146,0.5365853658536586
459,2018,1610612747,LAL,41,37,22,82,9165,9306,-1.7195121951219512,0.45121951219512196,0.5365853658536586,0.36585365853658536
460,2018,1610612748,MIA,41,39,19,82,8668,8687,-0.23170731707317074,0.47560975609756095,0.4634146341463415,0.4878048780487805
461,2018,1610612749,MIL,41,60,33,82,9686,8959,8.865853658536585,0.7317073170731707,0.8048780487804879,0.6585365853658537
462,2018,1610612750,MIN,41,36,25,82,9223,9346,-1.5,0.43902439024390244,0.6097560975609756,0.2682926829268293
463,2018,1610612751,BKN,41,42,23,82,9204,9210,-0.07317073170731707,0.5121951219512195,0.5609756097560976,0.4634146341463415
464,2018,1610612752,NYK,41,17,9,82,8575,9330,-9.207317073170731,0.2073170731707317,0.21951219512195122,0.1951219512195122
465,2018,1610612753,ORL,41,42,25,82,8800,8742,0.7073170731707317,0.5121951219512195,0.6097560975609756,0.4146341463414634
466,2018,1610612754,IND,41,48,29,82,8857,8584,3.3292682926829267,0.5853658536585366,0.7073170731707317,0.4634146341463415
467,2018,1610612755,PHI,41,51,31,82,9445,9224,2.6951219512195124,0.6219512195121951,0.7560975609756098,0.4878048780487805
468,2018,1610612756,PHX,41,19,12,82,8815,9581,-9.341463414634147,0.23170731707317074,0.2926829268292683,0.17073170731707318
469,2018,1610612757,POR,41,53,32,82,9402,9058,4.195121951219512,0.6463414634146342,0.7804878048780488,0.5121951219512195
470,2018,1610612758,SAC,41,39,24,82,9363,9455,-1.1219512195121952,0.47560975609756095,0.5853658536585366,0.36585365853658536
471,2018,1610612759,SAS,41,48,32,82,9156,9018,1.6829268292682926,0.5853658536585366,0.7804878048780488,0.3902439024390244
472,2018,1610612760,OKC,41,49,27,82,9387,9108,3.402439024390244,0.5975609756097561,0.6585365853658537,0.5365853658536586
473,2018,1610612761,TOR,41,58,32,82,9384,8885,6.085365853658536,0.7073170731707317,0.7804878048780488,0.6341463414634146
474,2018,1610612762,UTA,41,50,29,82,9161,8730,5.2560975609756095,0.6097560975609756,0.7073170731707317,0.5121951219512195
475,2018,1610612763,MEM,41,33,21,82,8490,8703,-2.597560975609756,0.4024390243902439,0.5121951219512195,0.2926829268292683
476,2018,1610612764,WAS,41,32,22,82,9350,9588,-2.902439024390244,0.3902439024390244,0.5365853658536586,0.24390243902439024
477,2018,1610612765,DET,41,41,26,82,8778,8798,-0.24390243902439024,0.5,0.6341463414634146,0.36585365853658536
478,2018,1610612766,CHA,41,39,25,82,9081,9171,-1.0975609756097562,0.47560975609756095,0.6097560975609756,0.34146341463414637
479,2019,1610612737,ATL,31,19,13,62,6913,7385,-7.612903225806452,0.3064516129032258,0.41935483870967744,0.1935483870967742
480,2019,1610612738,BOS,29,41,23,59,6688,6287,6.796610169491525,0.6949152542372882,0.7931034482758621,0.6
481,2019,1610612739,CLE,32,17,9,60,6390,6884,-8.233333333333333,0.2833333333333333,0.28125,0.2857142857142857
482,2019,1610612740,NOP,30,26,12,60,6949,7012,-1.05,0.43333333333333335,0.4,0.4666666666666667
483,2019,1610612741,CHI,31,20,12,60,6411,6602,-3.183333333333333,0.3333333333333333,0.3870967741935484,0.27586206896551724
484,2019,1610612742,DAL,30,37,16,61,7110,6735,6.147540983606557,0.6065573770491803,0.5333333333333333,0.6774193548387096
485,2019,1610612743,DEN,31,41,24,60,6654,6444,3.5,0.6833333333333333,0.7741935483870968,0.5862068965517241
486,2019,1610612744,GSW,31,13,7,61,6458,7012,-9.081967213114755,0.21311475409836064,0.22580645161290322,0.2
487,2019,1610612745,HOU,29,39,21,59,7010,6730,4.745762711864407,0.6610169491525424,0.7241379310344828,0.6
488,2019,1610612746,LAC,31,41,25,60,6973,6601,6.2,0.6833333333333333,0.8064516129032258,0.5517241379310345
489,2019,1610612747,LAL,28,46,21,59,6756,6319,7.406779661016949,0.7796610169491526,0.75,0.8064516129032258
490,2019,1610612748,MIA,29,38,25,60,6767,6570,3.283333333333333,0.6333333333333333,0.8620689655172413,0.41935483870967744
491,2019,1610612749,MIL,30,52,27,60,7175,6411,12.733333333333333,0.8666666666666667,0.9,0.8333333333333334
492,2019,1610612750,MIN,29,17,7,59,6658,6912,-4.305084745762712,0.288135593220339,0.2413793103448276,0.3333333333333333
493,2019,1610612751,BKN,29,26,16,59,6528,6563,-0.5932203389830508,0.4406779661016949,0.5517241379310345,0.3333333333333333
494,2019,1610612752,NYK,29,18,9,60,6304,6711,-6.783333333333333,0.3,0.3103448275862069,0.2903225806451613
495,2019,1610612753,ORL,30,27,16,60,6316,6392,-1.2666666666666666,0.45,0.5333333333333333,0.36666666666666664
496,2019,1610612754,IND,31,36,21,60,6560,6426,2.2333333333333334,0.6,0.6774193548387096,0.5172413793103449
497,2019,1610612755,PHI,30,37,28,61,6653,6527,2.0655737704918034,0.6065573770491803,0.9333333333333333,0.2903225806451613
498,2019,1610612756,PHX,32,24,11,61,6830,6913,-1.360655737704918,0.39344262295081966,0.34375,0.4482758620689655
499,2019,1610612757,POR,29,26,16,61,6896,7040,-2.360655737704918,0.4262295081967213,0.5517241379310345,0.3125
500,2019,1610612758,SAC,28,26,13,60,6498,6618,-2.0,0.43333333333333335,0.4642857142857143,0.40625
501,2019,1610612759,SAS,28,25,15,58,6546,6641,-1.6379310344827587,0.43103448275862066,0.5357142857142857,0.3333333333333333
502,2019,1610612760,OKC,32,37,20,60,6650,6509,2.35,0.6166666666666667,0.625,0.6071428571428571
503,2019,1610612761,TOR,32,42,23,60,6768,6386,6.366666666666666,0.7,0.71875,0.6785714285714286
504,2019,1610612762,UTA,30,37,21,59,6566,6386,3.0508474576271185,0.6271186440677966,0.7,0.5517241379310345
505,2019,1610612763,MEM,31,29,17,60,6747,6882,-2.25,0.48333333333333334,0.5483870967741935,0.41379310344827586
506,2019,1610612764,WAS,29,22,14,59,6840,7073,-3.9491525423728815,0.3728813559322034,0.4827586206896552,0.26666666666666666
507,2019,1610612765,DET,31,20,11,62,6676,6868,-3.096774193548387,0.3225806451612903,0.3548387096774194,0.2903225806451613
508,2019,1610612766,CHA,28,21,9,60,6117,6568,-7.516666666666667,0.35,0.32142857142857145,0.375
